	"id" "created_at" "updated_at" "url" "content" "category" "meta"
"1" 48394 1491922802000 1492105590950 "https://www.igdb.com/feed/11ca" "Mortal Kombat XL All Faction Kills on Green Arrow Costume Mod PC 4k UHD 2160p http://www.youtube.com/watch?v=CbG78G5B5xk" 7 "{\"aggregator\":\"youtube\",\"external_id\":\"CbG78G5B5xk\"}"
"2" 48395 1491919201000 1492116697228 "https://www.igdb.com/feed/11cb" "Mortal Kombat XL All Fatalities on Reverse Flash (No Mask) Costume Mod PC 4k UHD 2160p http://www.youtube.com/watch?v=2uE8gVMaigI" 7 "{\"aggregator\":\"youtube\",\"external_id\":\"2uE8gVMaigI\"}"
"3" 48396 1491498006000 1492105590911 "https://www.igdb.com/feed/11cc" "Mortal Kombat XL All X-Rays on Chuck Norris Costume Mod PC 4k UHD 2160p http://www.youtube.com/watch?v=zX6JOSFeP4U" 7 "{\"aggregator\":\"youtube\",\"external_id\":\"zX6JOSFeP4U\"}"
"4" 48397 1492092003000 1492105590960 "https://www.igdb.com/feed/11cd" "Mortal Kombat XL All Fatalities on Ice Princess Kitana Costume Mod PC 4k UHD 2160p http://www.youtube.com/watch?v=NLHK7pYm0cs" 7 "{\"aggregator\":\"youtube\",\"external_id\":\"NLHK7pYm0cs\"}"
"5" 48398 1491994804000 1492116703452 "https://www.igdb.com/feed/11ce" "Mass Effect Andromeda Massive Bar Fight http://www.youtube.com/watch?v=stCw2VEs3iY" 7 "{\"aggregator\":\"youtube\",\"external_id\":\"stCw2VEs3iY\"}"
"6" 48399 1492005604000 1492116749756 "https://www.igdb.com/feed/11cf" "Mortal Kombat XL All Faction Kills on Harley Quinn Costume Mod PC 4k UHD 2160p http://www.youtube.com/watch?v=LDQNBLga11s" 7 "{\"aggregator\":\"youtube\",\"external_id\":\"LDQNBLga11s\"}"
"7" 48400 1492009203000 1492116700141 "https://www.igdb.com/feed/11cg" "Mortal Kombat XL All Faction Kills on Reverse Flash (No Mask) Costume Mod PC 4k UHD 2160p http://www.youtube.com/watch?v=KOlEznMIrCM" 7 "{\"aggregator\":\"youtube\",\"external_id\":\"KOlEznMIrCM\"}"
"8" 48401 1491840005000 1492116738034 "https://www.igdb.com/feed/11ch" "Mortal Kombat XL All Faction Kills on Johnny Fantastic 4 Costume Mod PC 4k UHD 2160p http://www.youtube.com/watch?v=ql9oBy6XyPc" 7 "{\"aggregator\":\"youtube\",\"external_id\":\"ql9oBy6XyPc\"}"
"9" 48402 1491667202000 1492116732090 "https://www.igdb.com/feed/11ci" "Mortal Kombat XL All X-Rays on Terminator TX1000 Costume Mod PC 4k UHD 2160p http://www.youtube.com/watch?v=Um_P8kWTwxw" 7 "{\"aggregator\":\"youtube\",\"external_id\":\"Um_P8kWTwxw\"}"
"10" 48403 1491660001000 1492116720619 "https://www.igdb.com/feed/11cj" "Mortal Kombat XL All X-Rays on Harley Quinn Costume Mod PC 4k UHD 2160p http://www.youtube.com/watch?v=Em4Sq88OyGo" 7 "{\"aggregator\":\"youtube\",\"external_id\":\"Em4Sq88OyGo\"}"
"11" 48404 1491584403000 1492116759689 "https://www.igdb.com/feed/11ck" "Mortal Kombat XL All Fatalities on Klassic Smoke Costume Mod PC 4k UHD 2160p http://www.youtube.com/watch?v=bHpSd_hRsW0" 7 "{\"aggregator\":\"youtube\",\"external_id\":\"bHpSd_hRsW0\"}"
"12" 48405 1491322655000 1492116753695 "https://www.igdb.com/feed/11cl" "Mortal Kombat XL All X-Rays on Supergirl Costume Mod PC 4k UHD 2160p http://www.youtube.com/watch?v=ecRwEHt0ALU" 7 "{\"aggregator\":\"youtube\",\"external_id\":\"ecRwEHt0ALU\"}"
"13" 48406 1491998400000 1492105591024 "https://www.igdb.com/feed/11cm" "Yooka-Laylee Capital B Plans on Stealing all the books in the world Gameplay Walkthough http://www.youtube.com/watch?v=-E7UyLYvCzw" 7 "{\"aggregator\":\"youtube\",\"external_id\":\"-E7UyLYvCzw\"}"
"14" 48407 1491580810000 1492116746742 "https://www.igdb.com/feed/11cn" "Mortal Kombat XL All Fatalities on Terminator TX1000 Costume Mod PC 4k UHD 2160p http://www.youtube.com/watch?v=yIDOAD8QNXw" 7 "{\"aggregator\":\"youtube\",\"external_id\":\"yIDOAD8QNXw\"}"
"15" 48408 1.491408e+12 1492116762610 "https://www.igdb.com/feed/11co" "Mortal Kombat XL All X-Rays on Catwoman Costume Mod PC 4k UHD 2160p http://www.youtube.com/watch?v=16cqvYut6q4" 7 "{\"aggregator\":\"youtube\",\"external_id\":\"16cqvYut6q4\"}"
"16" 48409 1492102801000 1492105590999 "https://www.igdb.com/feed/11cp" "Mortal Kombat XL All Stage Fatalities on Green Arrow Costume Mod PC 4k UHD 2160p http://www.youtube.com/watch?v=EEX7RnfeQU0" 7 "{\"aggregator\":\"youtube\",\"external_id\":\"EEX7RnfeQU0\"}"
"17" 48410 1491307201000 1492116765953 "https://www.igdb.com/feed/11cq" "Mortal Kombat XL All X-Rays on Green Lantern Costume Mod PC 4k UHD 2160p http://www.youtube.com/watch?v=5EBGLz07Ms8" 7 "{\"aggregator\":\"youtube\",\"external_id\":\"5EBGLz07Ms8\"}"
"18" 48411 1491411603000 1492116769150 "https://www.igdb.com/feed/11cr" "Mortal Kombat XL All Fatalities on Catwoman Costume Mod PC 4k UHD 2160p http://www.youtube.com/watch?v=lLAX-0QWNn0" 7 "{\"aggregator\":\"youtube\",\"external_id\":\"lLAX-0QWNn0\"}"
"19" 48412 1491217200000 1492116787080 "https://www.igdb.com/feed/11cs" "Mortal Kombat XL All Fatalities on Colossus X-Men Costume Mod PC 4k UHD 2160p http://www.youtube.com/watch?v=-eph4F9tRpw" 7 "{\"aggregator\":\"youtube\",\"external_id\":\"-eph4F9tRpw\"}"
"20" 48413 1491573607000 1492116780568 "https://www.igdb.com/feed/11ct" "Mortal Kombat XL All Fatalities on Harley Quinn Costume Mod PC 4k UHD 2160p http://www.youtube.com/watch?v=tOXv2i8QSKs" 7 "{\"aggregator\":\"youtube\",\"external_id\":\"tOXv2i8QSKs\"}"
"21" 48414 1491566405000 1492105591100 "https://www.igdb.com/feed/11cu" "LEGO Dimensions The Simpsons & LEGO Star Wars The Force Awakens All Cut Scenes & Ending 4k UHD 2160p http://www.youtube.com/watch?v=d8qMAe0jIw0" 7 "{\"aggregator\":\"youtube\",\"external_id\":\"d8qMAe0jIw0\"}"
"22" 48415 1491670800000 1492116774752 "https://www.igdb.com/feed/11cv" "Mortal Kombat XL All Fatalities on Green Arrow Costume Mod PC 4k UHD 2160p http://www.youtube.com/watch?v=4OMxQck6DAc" 7 "{\"aggregator\":\"youtube\",\"external_id\":\"4OMxQck6DAc\"}"
"23" 48416 1491501605000 1492116795909 "https://www.igdb.com/feed/11cw" "Mortal Kombat XL All X-Rays on Klassic Noob Saibot Costume Mod PC 4k UHD 2160p http://www.youtube.com/watch?v=yK5at8ThgJs" 7 "{\"aggregator\":\"youtube\",\"external_id\":\"yK5at8ThgJs\"}"
"24" 48417 1492012807000 1492116807810 "https://www.igdb.com/feed/11cx" "Mortal Kombat XL All Faction Kills on Terminator TX1000 Costume Mod PC 4k UHD 2160p http://www.youtube.com/watch?v=k5XxoBjwJ2Y" 7 "{\"aggregator\":\"youtube\",\"external_id\":\"k5XxoBjwJ2Y\"}"
"25" 48418 1492002003000 1492116777568 "https://www.igdb.com/feed/11cy" "Yooka-Laylee Make your way through Hivory Tower Gameplay Walkthough http://www.youtube.com/watch?v=TwxcajgMOW0" 7 "{\"aggregator\":\"youtube\",\"external_id\":\"TwxcajgMOW0\"}"
"26" 48419 1491069602000 1492105591129 "https://www.igdb.com/feed/11cz" "Mortal Kombat IX All Fatalities on Cyber Noob Saibot Costume Mod PC 4k UHD 2160p http://www.youtube.com/watch?v=P30TwbPXkXw" 7 "{\"aggregator\":\"youtube\",\"external_id\":\"P30TwbPXkXw\"}"
"27" 48420 1491055204000 1492105591145 "https://www.igdb.com/feed/11d0" "Mortal Kombat IX All Fatalities on Shang Tsung MK1 Costume Mod PC 4k UHD 2160p http://www.youtube.com/watch?v=ehZbWXH0604" 7 "{\"aggregator\":\"youtube\",\"external_id\":\"ehZbWXH0604\"}"
"28" 48421 1491231604000 1492116792933 "https://www.igdb.com/feed/11d1" "Mortal Kombat XL All Fatalities on Chuck Norris Costume Mod PC 4k UHD 2160p http://www.youtube.com/watch?v=dh0z55DbSVo" 7 "{\"aggregator\":\"youtube\",\"external_id\":\"dh0z55DbSVo\"}"
"29" 48422 1492095604000 1492105591132 "https://www.igdb.com/feed/11d2" "Mortal Kombat XL All Fatalities on Reverse Flash Costume Mod PC 4k UHD 2160p http://www.youtube.com/watch?v=QjWSgnceGvo" 7 "{\"aggregator\":\"youtube\",\"external_id\":\"QjWSgnceGvo\"}"
"30" 48423 1490983200000 1492105591143 "https://www.igdb.com/feed/11d3" "Mortal Kombat IX All Fatalities on Old MK3 Sub-Zero Costume Mod PC 4k UHD 2160p http://www.youtube.com/watch?v=1UWI4wh2jlA" 7 "{\"aggregator\":\"youtube\",\"external_id\":\"1UWI4wh2jlA\"}"
"31" 48424 1491148801000 1492116804894 "https://www.igdb.com/feed/11d4" "Mortal Kombat XL All Fatalities on Green Lantern Costume Mod PC 4k UHD 2160p http://www.youtube.com/watch?v=BN6Gz-EAy7s" 7 "{\"aggregator\":\"youtube\",\"external_id\":\"BN6Gz-EAy7s\"}"
"32" 48425 1491400801000 1492116819889 "https://www.igdb.com/feed/11d5" "Mortal Kombat XL All X-Rays on Klassic Smoke Costume Mod PC 4k UHD 2160p http://www.youtube.com/watch?v=8ptDGI5VG9M" 7 "{\"aggregator\":\"youtube\",\"external_id\":\"8ptDGI5VG9M\"}"
"33" 48426 1491494402000 1492116810657 "https://www.igdb.com/feed/11d6" "Mortal Kombat XL All Fatalities on Klassic Noob Saibot Costume Mod PC 4k UHD 2160p http://www.youtube.com/watch?v=B-dMYGFLofI" 7 "{\"aggregator\":\"youtube\",\"external_id\":\"B-dMYGFLofI\"}"
"34" 48427 1.491327e+12 1492116813878 "https://www.igdb.com/feed/11d7" "Mortal Kombat XL All X-Rays on Orchid Killer Instinct Costume Mod PC 4k UHD 2160p http://www.youtube.com/watch?v=U5PsM4E7Q08" 7 "{\"aggregator\":\"youtube\",\"external_id\":\"U5PsM4E7Q08\"}"
"35" 48428 1490986800000 1492105591183 "https://www.igdb.com/feed/11d8" "Mortal Kombat IX All Fatalities on Liu Kang Homecoming Costume Mod PC 4k UHD 2160p http://www.youtube.com/watch?v=9D_LapYonyU" 7 "{\"aggregator\":\"youtube\",\"external_id\":\"9D_LapYonyU\"}"
"36" 48429 1491141602000 1492105591186 "https://www.igdb.com/feed/11d9" "Mortal Kombat XL All Fatalities on Supergirl Costume Mod PC 4k UHD 2160p http://www.youtube.com/watch?v=XeTH_srtKjE" 7 "{\"aggregator\":\"youtube\",\"external_id\":\"XeTH_srtKjE\"}"
"37" 48430 1491836430000 1492116825593 "https://www.igdb.com/feed/11da" "Mortal Kombat XL All X-Rays on Green Arrow Costume Mod PC 4k UHD 2160p http://www.youtube.com/watch?v=n4oPdNlSi3k" 7 "{\"aggregator\":\"youtube\",\"external_id\":\"n4oPdNlSi3k\"}"
"38" 48431 1490994001000 1492105591224 "https://www.igdb.com/feed/11db" "Mortal Kombat IX All Fatalities on Kung Lao Purple & Sleeved Costume Mod PC 4k UHD 2160p http://www.youtube.com/watch?v=a4ujy1HxZ78" 7 "{\"aggregator\":\"youtube\",\"external_id\":\"a4ujy1HxZ78\"}"
"39" 48432 1490990403000 1492105591226 "https://www.igdb.com/feed/11dc" "Mortal Kombat IX All Fatalities on MK1 Sub-Zero Sleeved & Frost Hands Costume Mod PC 4k UHD 2160p http://www.youtube.com/watch?v=kSBNrYM-19A" 7 "{\"aggregator\":\"youtube\",\"external_id\":\"kSBNrYM-19A\"}"
"40" 48433 1491156004000 1492116840269 "https://www.igdb.com/feed/11dd" "Mortal Kombat XL All Fatalities on Orchid Killer Instinct Costume Mod PC 4k UHD 2160p http://www.youtube.com/watch?v=m10-o3pQkOo" 7 "{\"aggregator\":\"youtube\",\"external_id\":\"m10-o3pQkOo\"}"
"41" 48434 1490979604000 1492105591231 "https://www.igdb.com/feed/11de" "Mortal Kombat IX All Fatalities on Dragon Tattoo Mileena Rag Bikini Costume Mod PC 4k UHD 2160p http://www.youtube.com/watch?v=m7yKkuqZvYo" 7 "{\"aggregator\":\"youtube\",\"external_id\":\"m7yKkuqZvYo\"}"
"42" 48435 1491051605000 1492105591248 "https://www.igdb.com/feed/11df" "Mortal Kombat IX All Fatalities on Tanya Costume Mod PC 4k UHD 2160p http://www.youtube.com/watch?v=vpC97gYC9FA" 7 "{\"aggregator\":\"youtube\",\"external_id\":\"vpC97gYC9FA\"}"
"43" 52163 1492454605000 1492510739843 "https://www.igdb.com/feed/148z" "SHAOLIN SHUFFLE: ALL POWER LOCATIONS, JUG GUIDE! (How to turn on power, Tuff Nuff IW Zombies) http://www.youtube.com/watch?v=t5_OZB_E9bw" 7 "{\"aggregator\":\"youtube\",\"external_id\":\"t5_OZB_E9bw\"}"
"44" 52164 1492457173000 1492510762106 "https://www.igdb.com/feed/1490" "Arumba's Agenda 2017 Week 16 (Note: Week 15 was skipped!) http://www.youtube.com/watch?v=rcnYdbU3How" 7 "{\"aggregator\":\"youtube\",\"external_id\":\"rcnYdbU3How\"}"
"45" 52165 1492477201000 1492510784102 "https://www.igdb.com/feed/1491" "Factorio Refactorissimo Let's Play 11 http://www.youtube.com/watch?v=In4X1EfiD78" 7 "{\"aggregator\":\"youtube\",\"external_id\":\"In4X1EfiD78\"}"
"46" 52166 1492455604000 1492510773116 "https://www.igdb.com/feed/1492" "[EU4][Ideas Guy] Kingdom of Might Reboot Part 85 - Europa Universalis 4 Rights of Man Lets Play http://www.youtube.com/watch?v=kHR6-kGu7HY" 7 "{\"aggregator\":\"youtube\",\"external_id\":\"kHR6-kGu7HY\"}"
"47" 52167 1492466401000 1492510795028 "https://www.igdb.com/feed/1493" "[EU4][MP] Mandate of Heaven Multiplayer Part 12 - Europa Universalis 4 Lets Play http://www.youtube.com/watch?v=-YgOS1Zn8Gs" 7 "{\"aggregator\":\"youtube\",\"external_id\":\"-YgOS1Zn8Gs\"}"
"48" 52168 1492470364000 1492510806114 "https://www.igdb.com/feed/1494" "ORBITAL VSAT ACQUIRED! Black Ops 2 With The Crew! http://www.youtube.com/watch?v=fmoQJWldC64" 7 "{\"aggregator\":\"youtube\",\"external_id\":\"fmoQJWldC64\"}"
"49" 52169 1492467610000 1492510816974 "https://www.igdb.com/feed/1495" "WHAT HAPPENS IF YOU KILL EVERY CHARACTER? (GTA 5) http://www.youtube.com/watch?v=4mOrRXN4jqA" 7 "{\"aggregator\":\"youtube\",\"external_id\":\"4mOrRXN4jqA\"}"
"50" 52170 1492491494000 1492509763162 "https://www.igdb.com/feed/1496" "I don't need a rapper anymore. (Hacked by ISIS 2.0) http://www.youtube.com/watch?v=3PGSQOrGIGc" 7 "{\"aggregator\":\"youtube\",\"external_id\":\"3PGSQOrGIGc\"}"
